Word,Sentence
book,There is only one writer on the planet who possesses enough basketball knowledge and passion to write the definitive book on the NBA.
book," And The Book of Basketball is that book."
book," Nowhere in the roundball universe will you find another single volume that covers as much in s There is only one writer on the planet who possesses enough basketball knowledge and passion to write the definitive book on the NBA."
book," And The Book of Basketball is that book."
book,Comprehensive authoritative controversial hilarious and impossible to put down even for Celtic-haters The Book of Basketball offers every hardwood fan a courtside seat beside the games finest funniest and fiercest chronicler.
basketball,There is only one writer on the planet who possesses enough basketball knowledge and passion to write the definitive book on the NBA.
basketball," And The Book of Basketball is that book."
basketball," Nowhere in the roundball universe will you find another single volume that covers as much in s There is only one writer on the planet who possesses enough basketball knowledge and passion to write the definitive book on the NBA."
basketball," And The Book of Basketball is that book."
basketball," Nowhere in the roundball universe will you find another single volume that covers as much in such depth as this wildly opinionated and thoroughly entertaining look at the past present and future of pro basketball."
basketball,From the age-old question of who actually won the rivalry between Bill Russell and Wilt Chamberlain to the one about which team was truly the best of all time Simmons opensand then closes once and for allevery major pro basketball debate.
basketball," Then he takes it further by completely reevaluating not only how NBA Hall of Fame inductees should be chosen but how the institution must be reshaped from the ground up the result being the Pyramid Simmonss one-of-a-kind five-level shrine to the ninety-six greatest players in the history of pro basketball."
basketball," And ultimately he takes fans to the heart of it all as he uses a conversation with one NBA great to uncover that coveted thing The Secret of Basketball."
basketball,Comprehensive authoritative controversial hilarious and impossible to put down even for Celtic-haters The Book of Basketball offers every hardwood fan a courtside seat beside the games finest funniest and fiercest chronicler.
nba,There is only one writer on the planet who possesses enough basketball knowledge and passion to write the definitive book on the NBA.
nba," Nowhere in the roundball universe will you find another single volume that covers as much in s There is only one writer on the planet who possesses enough basketball knowledge and passion to write the definitive book on the NBA."
nba," Then he takes it further by completely reevaluating not only how NBA Hall of Fame inductees should be chosen but how the institution must be reshaped from the ground up the result being the Pyramid Simmonss one-of-a-kind five-level shrine to the ninety-six greatest players in the history of pro basketball."
nba," And ultimately he takes fans to the heart of it all as he uses a conversation with one NBA great to uncover that coveted thing The Secret of Basketball."
sports,coms Sports Guy is that writer.
sports,coms Sports Guy is that writer.
guy,coms Sports Guy is that writer.
guy,coms Sports Guy is that writer.
friday," But every Friday night from September to December when the Permian High School Panthers play football this West Texas town becomes a place where dreams can come true."
night," But every Friday night from September to December when the Permian High School Panthers play football this West Texas town becomes a place where dreams can come true."
town," Odessa is not known to be a town big on dreams but the Panthers help keep the hopes and dreams of this small dusty town going."
town," Odessa is not known to be a town big on dreams but the Panthers help keep the hopes and dreams of this small dusty town going."
town," But every Friday night from September to December when the Permian High School Panthers play football this West Texas town becomes a place where dreams can come true."
team,Return once again to the enduring account of life in the Mojo lane to the Permian Panthers of Odessa -- the winningest high school football team in Texas history.
team," Socially and racially divided its fragile economy follows the treacherous boom-bu Return once again to the enduring account of life in the Mojo lane to the Permian Panthers of Odessa -- the winningest high school football team in Texas history."
team," With frankness and compassion Bissinger chronicles one of the Panthers' dramatic seasons and shows how single-minded devotion to the team shapes the community and inspires-and sometimes shatters-the teenagers who wear the Panthers' uniforms."
dream," Odessa is not known to be a town big on dreams but the Panthers help keep the hopes and dreams of this small dusty town going."
dream," Odessa is not known to be a town big on dreams but the Panthers help keep the hopes and dreams of this small dusty town going."
dream," But every Friday night from September to December when the Permian High School Panthers play football this West Texas town becomes a place where dreams can come true."
sugar,Fame is a rush but falling in loveThat sht is sweet as sugar.
rush,Fame is a rush but falling in loveThat sht is sweet as sugar.
games,"  The games continue long after the medals have been handed out."
aces,Hailed by Jami Davenport as her go-to author for hockey romance the bestselling author of the Heller Brothers Hockey series sets the ice ablaze with another sexy novel featuring the gorgeous men of the Chicago Aces.
aces," His ultimate fantasy is going home with the Stanley Cup not a gold-digging airhead who Hailed by Jami Davenport as her go-to author for hockey romance the bestselling author of the Heller Brothers Hockey series sets the ice ablaze with another sexy novel featuring the gorgeous men of the Chicago Aces."
hockey,Hailed by Jami Davenport as her go-to author for hockey romance the bestselling author of the Heller Brothers Hockey series sets the ice ablaze with another sexy novel featuring the gorgeous men of the Chicago Aces.
hockey," His ultimate fantasy is going home with the Stanley Cup not a gold-digging airhead who Hailed by Jami Davenport as her go-to author for hockey romance the bestselling author of the Heller Brothers Hockey series sets the ice ablaze with another sexy novel featuring the gorgeous men of the Chicago Aces."
